ID,Business Name,Industry,City,Website,Instagram,Contact,Decision Maker,Website Status,Main Problem,Opportunity,Priority,Source,Date Found,Last Contact,Next Action,Next Action Date,Status,Potential Value,Notes
"P-0001","KSB Kontraktor Bandung","Kontraktor & Renovasi","Bandung","https://kontraktorbdg.com/","Ikon sosial -> Buatweb","0821-1746-0077 · kontraktorbdg2917@gmail.com","Not found","Template & konten lama","Footer (c)2020, ikon sosial ke Buatweb, konten 2024, Gmail generik","Rapikan layanan, konten, kontak domain, CTA","HIGH","https://kontraktorbdg.com/","2026-10-02","","Kirim audit 3 poin","","NEW","","Terverifikasi 2026-10-02"
"P-0002","PT JAYACPP","Kontraktor Sipil & Baja","Bandung/Jabodetabek","https://jayacpp.com/jasa-kontraktor-di-bandung","Not found","via halaman Hubungi Kami","Not found","Aktif ((c) 2011-2026)","Cukup baik; foto stok Unsplash","Ganti foto asli + perkuat portofolio","MEDIUM","https://jayacpp.com/jasa-kontraktor-di-bandung","2026-10-02","","Lengkapi audit","","NEW","","Terverifikasi; pendiri Dicki Irfan & Henny Wuryansari"
"P-0003","Konstruksi Bandung Primer","Kontraktor Design & Build","Bandung","https://www.konstruksi-bandung-primer.com/","@konstruksi_bandung_primer","+62 822-1857-2313 · kontruksibandungprimer22@gmail.com","Not found","Modern (c) 2026","Sudah baik; email Gmail","Optimasi CTA & studi kasus","MEDIUM","https://www.konstruksi-bandung-primer.com/about-us","2026-10-02","","Lengkapi audit","","NEW","","Terverifikasi; 2 kantor"
"P-0004","Puri Nirwana Residences","Property Developer","Bekasi/Purwakarta","https://purinirwanaresidences.com/tentang-kami","@purinirwanaresidences","021 3872 2222 · info@purinirwanaresidences.com","Not found","Konten lama (footer (c) 2020)","Konten 2018-2020, lead per proyek lemah","Refresh konten + lead capture per proyek","HIGH","https://purinirwanaresidences.com/tentang-kami","2026-10-02","","Kirim audit 3 poin","","NEW","","Terverifikasi; proyek Bumi Jaya Indah Purwakarta"
"P-0005","AbhatiLand","Property Developer","Jakarta/Purwakarta","https://abhatiland.com/projects","@abhatiland.id","(021) 6404694 · admin@abhatiland.com","Not found","Sangat ringkas ((c) 2022)","Projects hanya nama, tanpa galeri/lead; Youtube tak tertaut","Halaman per proyek + form prospek","HIGH","https://abhatiland.com/projects","2026-10-02","","Kirim audit 3 poin","","NEW","","Terverifikasi; proyek Purwakarta/Cirebon"
"P-0006","Adesya Residence","Property/Cluster","Bandung","https://adesyaresidence.com/","Not found","0882-2332-7777 · clusteradesyaresidence@gmail.com","Not found","Gagal render (error JS) saat riset","Situs gagal render; berpotensi error front-end","Verifikasi manual + perluas info legalitas/lokasi","MEDIUM","https://adesyaresidence.com/","2026-10-02","","Lengkapi audit","","NEW","","Perlu verifikasi manual 2026-10-02"
"P-0007","KSS Properti","Property Developer","Bandung","https://kssproperti.co.id/perumahan","Not found","+62 22-7312369 · halo@kssproperti.co.id","Not found","Terstruktur (c) 2024","Share ke plus.google.com (Google+ mati)","Bersihkan share mati + optimasi form peminat","MEDIUM","https://kssproperti.co.id/perumahan","2026-10-02","","Lengkapi audit","","NEW","","Terverifikasi; ada Form Peminat"
"P-0008","Tami Dental Care","Klinik Gigi","Bandung","https://tamidentalcare.com/ + https://tamidental.co.id/","@tamidentalcare (FB /tamidentalcare)","0812-1000-3630 · (022) 20526392","Not found","PARTIALLY VERIFIED - dua domain; root tak ter-fetch","Dua domain terpisah (fragmentasi brand); kontak per cabang tersebar","Satukan brand + halaman cabang + kontak/booking terpusat","MEDIUM","https://tamidental.co.id/ · https://www.bridestory.com/tami-dental-care","2026-10-02","","Verifikasi situs manual","","NEW","","Terverifikasi via sumber alternatif 2026-10-02"
"P-0009","Klinik Seno Medika","Klinik Kesehatan","Bandung","https://senomedika.com/","IG @seno_medika · IG @khitan.dokterseno · TikTok","(022) 7232007 · WA 0811-2261-001 / 0812-2024-2024","Not found","PARTIALLY VERIFIED - identitas/kontak/sosial OK; situs resmi belum","Brand dihijack spam/parasite SEO gambling di search; nomor WA tak konsisten","Kuasai brand search + situs resmi + pendaftaran terpusat","MEDIUM","https://linktr.ee/seno.medika","2026-10-02","","Verifikasi situs manual","","NEW","","Sejak 1975; kolaborasi RSJP Paramarta Jan 2025"
"P-0010","PT Arifinindo Karya Mandiri","Distributor Alat Teknik Sipil","Bandung Barat","https://akmalatsipil.co.id/","Ada (FB/YT/IG)","+62 22 86678240 · akmalatsipil@gmail.com","Not found","Lama (footer (c) 2020)","Footer 2020; placeholder tema; FB profil pribadi; Gmail","Bersihkan placeholder + katalog + RFQ","HIGH","https://akmalatsipil.co.id/","2026-10-02","","Kirim audit 3 poin","","NEW","","Terverifikasi; 2 nomor WA"
"P-0011","CV Rizky Prahida Jaya","Distributor Alat Lab & Mining","Bandung Barat","https://rizkypraajaya.web.indotrading.com/","Not found","via halaman Hubungi Kami","Not found","Tanpa domain sendiri","Menumpang subdomain Indotrading","Website brand + katalog","HIGH","https://rizkypraajaya.web.indotrading.com/","2026-10-02","","Cari kontak publik","","NEW","","Berdiri 2014"
"P-0012","TRiTax Consulting","Konsultan Pajak","Bandung","https://kkp.triact.co.id/","LinkedIn + Instagram","0898-8900-044 · tritax_bandung@yahoo.co.id","Juan Kasma, SE., M.Ak., CPA., BKP (publik)","VERIFIED via cache - footer (c) 2022, terbit 2022-09-11","Konten berhenti di 2022; email Yahoo; belum tampak studi kasus","Modernisasi + halaman layanan/kredensial + email domain","HIGH","konten ter-cache kkp.triact.co.id/ dan /kontak","2026-10-02","","Kirim audit 3 poin","","NEW","","Izin KEP-8300/IP.C/PJ/2022 & KEP-1107/PP/IKH/2022; alamat Antapani"
"P-0013","Daksa Consultant","Konsultan Pajak & Akuntansi","Bandung","https://daksconsultant.com/","Ada (ke root)","+6281122339448 · daksconsultant@gmail.com","Not found","Modern (c) 2026","Statistik tampil 0; tautan sosial ke root","Perbaiki widget statistik + sosial + konten","MEDIUM","https://daksconsultant.com/","2026-10-02","","Lengkapi audit","","NEW","","Terverifikasi; sejak 2016"
"P-0014","KKP Ashadi & Rekan","Konsultan Pajak","Bandung","https://konsultanpajakbandung.com/","Not found","info@ashadirekan.com","Not found","Modern (c) 2026","Sudah baik; sebagian aset gambar bernama generik","Konten otoritas + lead capture","MEDIUM","https://konsultanpajakbandung.com/","2026-10-02","","Lengkapi audit","","NEW","","Terverifikasi; izin KIP-7999/IP.B/PJ/2022"
"P-0015","Svadista Catering","Katering","Bandung","https://svadistacatering.co.id/","@svadistacatering (ikon cacat)","0821 2014 3065 · svadistacatering@gmail.com","Not found","Tema lama, artikel 2018-2019","Recent posts 2018-2019, ikon sosial mati, paket berbasis gambar","Refresh konten + paket terstruktur + booking","HIGH","https://svadistacatering.co.id/","2026-10-02","","Kirim audit 3 poin","","NEW","","Terverifikasi; footer (c) 2025"
"P-0016","Aliva Catering","Katering","Bandung","https://aliva-catering.com/","Not found","0816-486-3131 · alivacatering@gmail.com","Not found","(c) 2023, menu teks","Menu teks panjang tanpa harga; tanpa form","Restrukturisasi menu + CTA pesan","HIGH","https://aliva-catering.com/","2026-10-02","","Kirim audit 3 poin","","NEW","","Terverifikasi; WA ada"
"P-0017","Calyandra House","Catering & Event Organizer","Bandung Barat","https://calyandrahouse.com/","Ada (ke root)","0819-3966-0669 · Cv.Calyandra@gmail.com","Not found","Vendor-made (c) 2026","Ikon sosial footer ke root, bukan profil","Tautkan sosial asli + optimasi paket/CTA","MEDIUM","https://calyandrahouse.com/","2026-10-02","","Lengkapi audit","","NEW","","Terverifikasi; 100+ acara"
"P-0018","Kampung Inggris EPLC","Kursus Bahasa Inggris","Bandung","https://kampunginggriseplc.com/program-offline","Ada (FB/IG/YT)","kampunginggrisp70@gmail.com","Not found","WooCommerce (c) 2026","Menu utama menunjuk anchor homepage dari subhalaman","Alur pendaftaran jelas + info program","MEDIUM","https://kampunginggriseplc.com/program-offline","2026-10-02","","Lengkapi audit","","NEW","","Terverifikasi; 2 lokasi"
"P-0019","EnglishMax","Kursus Bahasa Inggris","Bandung","https://englishmax.id/","Not found","+62 819-1000-7900","Not found","(c) 2022","Struktur program padat, banyak gambar tanpa alt","Rapikan struktur program + jalur konsultasi","MEDIUM","https://englishmax.id/","2026-10-02","","Lengkapi audit","","NEW","","Jl. Merdeka No 64"
"P-0020","Sany Rosa Hotel","Hospitality","Bandung","http://www.sanyrosahotel.com/","Not found","0811-1212-1999 · se.sanyrosa@gmail.com","Not found","Template lama","Booking via pihak ketiga (exely), sosial kosong, Gmail","Booking langsung + halaman kamar/promo","MEDIUM","http://www.sanyrosahotel.com/","2026-10-02","","Lengkapi audit","","NEW","","Terverifikasi; wedding mulai Rp 49,9 jt"
"R-0001","CV. Mitra Mandiri Design","Konveksi/Seragam Pabrik (B2B)","Karawang","https://mitramandiridesign.co.id/","IG/TikTok/Shopee/Tokopedia","0819 865293","Not found","Modern, blog aktif 2026","Ikon sosial placeholder, tautan WA cacat, nomor kurang digit","Perbaikan teknis + optimasi","MEDIUM","https://mitramandiridesign.co.id/seragam-pabrik-otomotif-karawang","2026-10-02","","Lengkapi audit","","NEW","","Radar Batch 2; klien pabrik otomotif"
"R-0002","Grand Situ Buleud Hotel","Hospitality","Purwakarta","https://grandsitubuleudhotel.com/id-id","@grandsitubuleudhotelpwk","+62 264 8225018 · WA +62 81389725941 · grandsitubuleudhotel@yahoo.co.id","Not found","Situs resmi, sangat ringkas","Konten tipis, kamar generik, email Yahoo, hanya IG","Halaman kamar + booking langsung","MEDIUM","https://grandsitubuleudhotel.com/id-id","2026-10-02","","Lengkapi audit","","NEW","","Radar Batch 2; hotel 3 bintang"
